prediction_run_id,test_mae,test_rmse
1,12.357,16.077
2,13.66,17.54
3,14.68,18.742
4,12.11381345,15.81466392
